"n","p1","Deff","alpha","delta_p"
200,0.01,1.2,"99%",0.019852275892216
300,0.01,1.2,"99%",0.0162093153896283
400,0.01,1.2,"99%",0.0140376789053721
200,0.02,1.2,"99%",0.0279332031868902
300,0.02,1.2,"99%",0.0228073648964553
400,0.02,1.2,"99%",0.0197517573937118
200,0.03,1.2,"99%",0.0340360536275624
300,0.03,1.2,"99%",0.0277903214151774
400,0.03,1.2,"99%",0.0240671243248784
200,0.04,1.2,"99%",0.0390983398224949
300,0.04,1.2,"99%",0.0319236607850174
400,0.04,1.2,"99%",0.0276467012216221
200,0.05,1.2,"99%",0.043485003521801
300,0.05,1.2,"99%",0.0355053566971806
400,0.05,1.2,"99%",0.0307485408701864
200,0.06,1.2,"99%",0.0473840586039818
300,0.06,1.2,"99%",0.0386889218406301
400,0.06,1.2,"99%",0.0335055891590163
200,0.07,1.2,"99%",0.0509076675203145
300,0.07,1.2,"99%",0.0415659364733422
400,0.07,1.2,"99%",0.0359971569180045
200,0.08,1.2,"99%",0.054129200428336
300,0.08,1.2,"99%",0.0441963070780879
400,0.08,1.2,"99%",0.0382751246830821
200,0.09,1.2,"99%",0.0570998090166843
300,0.09,1.2,"99%",0.0466217988337489
400,0.09,1.2,"99%",0.0403756621601542
200,0.1,1.2,"99%",0.0598568639719076
300,0.1,1.2,"99%",0.0488729247781186
400,0.1,1.2,"99%",0.0423251944150966
200,0.11,1.2,"99%",0.0624286653985159
300,0.11,1.2,"99%",0.0509727918497693
400,0.11,1.2,"99%",0.0441437326437166
200,0.12,1.2,"99%",0.0648372615585131
300,0.12,1.2,"99%",0.0529394023792426
400,0.12,1.2,"99%",0.0458468673215905
200,0.13,1.2,"99%",0.0671002297570805
300,0.13,1.2,"99%",0.0547871081761211
400,0.13,1.2,"99%",0.047447027480407
200,0.14,1.2,"99%",0.0692318518066484
300,0.14,1.2,"99%",0.0565275702914234
400,0.14,1.2,"99%",0.0489543118865832
200,0.15,1.2,"99%",0.0712439183354006
300,0.15,1.2,"99%",0.0581704157327487
400,0.15,1.2,"99%",0.0503770577732624
200,0.16,1.2,"99%",0.0731462960037178
300,0.16,1.2,"99%",0.059723700594563
400,0.16,1.2,"99%",0.0517222419229073
200,0.17,1.2,"99%",0.0749473379275379
300,0.17,1.2,"99%",0.0611942451674696
400,0.17,1.2,"99%",0.0529957708804418
200,0.18,1.2,"99%",0.0766541872950486
300,0.18,1.2,"99%",0.0625878818402007
400,0.18,1.2,"99%",0.0542026956426725
200,0.19,1.2,"99%",0.0782730063392418
300,0.19,1.2,"99%",0.0639096420549252
400,0.19,1.2,"99%",0.0553473735663355
200,0.2,1.2,"99%",0.0798091519625435
300,0.2,1.2,"99%",0.0651638997041581
400,0.2,1.2,"99%",0.0564335925534622
200,0.21,1.2,"99%",0.0812673124734448
300,0.21,1.2,"99%",0.0663544827757528
400,0.21,1.2,"99%",0.0574646677387789
200,0.22,1.2,"99%",0.0826516154736944
300,0.22,1.2,"99%",0.0674847614424246
400,0.22,1.2,"99%",0.0584435177774723
200,0.23,1.2,"99%",0.0839657140042597
300,0.23,1.2,"99%",0.0685577183996334
400,0.23,1.2,"99%",0.0593727257595823
200,0.24,1.2,"99%",0.0852128560732335
300,0.24,1.2,"99%",0.0695760056348816
400,0.24,1.2,"99%",0.0602545883736567
200,0.25,1.2,"99%",0.0863959413175692
300,0.25,1.2,"99%",0.0705419906918277
400,0.25,1.2,"99%",0.0610911559726482
200,0.26,1.2,"99%",0.0875175675862788
300,0.26,1.2,"99%",0.0714577947053079
400,0.26,1.2,"99%",0.0618842655132098
200,0.27,1.2,"99%",0.0885800695437054
300,0.27,1.2,"99%",0.0723253239207757
400,0.27,1.2,"99%",0.06263556785233
200,0.28,1.2,"99%",0.0895855508918445
300,0.28,1.2,"99%",0.0731462960037178
400,0.28,1.2,"99%",0.0633465505319558
200,0.29,1.2,"99%",0.0905359114434797
300,0.29,1.2,"99%",0.0739222621447766
400,0.29,1.2,"99%",0.0640185569225893
200,0.3,1.2,"99%",0.0914328700046473
300,0.3,1.2,"99%",0.0746546257432037
400,0.3,1.2,"99%",0.0646528024036342
200,0.31,1.2,"99%",0.0922779838192763
300,0.31,1.2,"99%",0.0753446582833431
400,0.31,1.2,"99%",0.0652503881128328
200,0.32,1.2,"99%",0.0930726651723979
300,0.32,1.2,"99%",0.0759935128910939
400,0.32,1.2,"99%",0.0658123126865076
200,0.33,1.2,"99%",0.0938181956281122
300,0.33,1.2,"99%",0.0766022359591622
400,0.33,1.2,"99%",0.0663394823273243
200,0.34,1.2,"99%",0.0945157382852981
300,0.34,1.2,"99%",0.0771717771538056
400,0.34,1.2,"99%",0.0668327194703872
200,0.35,1.2,"99%",0.0951663483611405
300,0.35,1.2,"99%",0.0777029980562481
400,0.35,1.2,"99%",0.0672927702669237
200,0.36,1.2,"99%",0.0957709823550522
300,0.36,1.2,"99%",0.0781966796449897
400,0.36,1.2,"99%",0.0677203110641546
200,0.37,1.2,"99%",0.0963305059998559
300,0.37,1.2,"99%",0.0786535287879201
400,0.37,1.2,"99%",0.0681159540276295
200,0.38,1.2,"99%",0.0968457011704886
300,0.38,1.2,"99%",0.0790741838832522
400,0.38,1.2,"99%",0.0684802520264185
200,0.39,1.2,"99%",0.097317271890953
300,0.39,1.2,"99%",0.0794592197641771
400,0.39,1.2,"99%",0.0688137028806679
200,0.4,1.2,"99%",0.0977458495562371
300,0.4,1.2,"99%",0.0798091519625435
400,0.4,1.2,"99%",0.0691167530540554
200,0.01,1.6,"99%",0.0229234336607952
300,0.01,1.6,"99%",0.0187169052071629
400,0.01,1.6,"99%",0.0162093153896283
200,0.02,1.6,"99%",0.0322544847585592
300,0.02,1.6,"99%",0.026335676524949
400,0.02,1.6,"99%",0.0228073648964553
200,0.03,1.6,"99%",0.0393014494480514
300,0.03,1.6,"99%",0.0320894990998378
400,0.03,1.6,"99%",0.0277903214151774
200,0.04,1.6,"99%",0.0451468740427697
300,0.04,1.6,"99%",0.0368622682954962
400,0.04,1.6,"99%",0.0319236607850174
200,0.05,1.6,"99%",0.0502121569780473
300,0.05,1.6,"99%",0.0409980544935818
400,0.05,1.6,"99%",0.0355053566971806
200,0.06,1.6,"99%",0.0547143979806117
300,0.06,1.6,"99%",0.0446741188786884
400,0.06,1.6,"99%",0.0386889218406301
200,0.07,1.6,"99%",0.0587831110933391
300,0.07,1.6,"99%",0.0479962092240061
400,0.07,1.6,"99%",0.0415659364733422
200,0.08,1.6,"99%",0.062503016876638
300,0.08,1.6,"99%",0.0510334995774428
400,0.08,1.6,"99%",0.0441963070780879
200,0.09,1.6,"99%",0.0659331802129178
300,0.09,1.6,"99%",0.053834216213539
400,0.09,1.6,"99%",0.0466217988337489
200,0.1,1.6,"99%",0.0691167530540554
300,0.1,1.6,"99%",0.0564335925534622
400,0.1,1.6,"99%",0.0488729247781186
200,0.11,1.6,"99%",0.0720864135459645
300,0.11,1.6,"99%",0.0588583101916221
400,0.11,1.6,"99%",0.0509727918497693
200,0.12,1.6,"99%",0.0748676208286514
300,0.12,1.6,"99%",0.0611291564287873
400,0.12,1.6,"99%",0.0529394023792426
200,0.13,1.6,"99%",0.0774806714258724
300,0.13,1.6,"99%",0.0632627033072093
400,0.13,1.6,"99%",0.0547871081761211
200,0.14,1.6,"99%",0.0799420565541295
300,0.14,1.6,"99%",0.0652724158487776
400,0.14,1.6,"99%",0.0565275702914234
200,0.15,1.6,"99%",0.0822653908581345
300,0.15,1.6,"99%",0.0671694103643498
400,0.15,1.6,"99%",0.0581704157327487
200,0.16,1.6,"99%",0.0844620673759411
300,0.16,1.6,"99%",0.0689629892305431
400,0.16,1.6,"99%",0.059723700594563
200,0.17,1.6,"99%",0.0865417314550197
300,0.17,1.6,"99%",0.070661027840589
400,0.17,1.6,"99%",0.0611942451674696
200,0.18,1.6,"99%",0.0885126313386166
300,0.18,1.6,"99%",0.0722702608568967
400,0.18,1.6,"99%",0.0625878818402007
200,0.19,1.6,"99%",0.0903818825604851
300,0.19,1.6,"99%",0.0737964980884473
400,0.19,1.6,"99%",0.0639096420549252
200,0.2,1.6,"99%",0.0921556707387405
300,0.2,1.6,"99%",0.0752447900712829
400,0.2,1.6,"99%",0.0651638997041581
200,0.21,1.6,"99%",0.0938394094657216
300,0.21,1.6,"99%",0.0766195569850385
400,0.21,1.6,"99%",0.0663544827757528
200,0.22,1.6,"99%",0.0954378648853898
300,0.22,1.6,"99%",0.0779246903699631
400,0.22,1.6,"99%",0.0674847614424246
200,0.23,1.6,"99%",0.096955255166117
300,0.23,1.6,"99%",0.0791636343461097
400,0.23,1.6,"99%",0.0685577183996334
200,0.24,1.6,"99%",0.0983953307845964
300,0.24,1.6,"99%",0.0803394511648756
400,0.24,1.6,"99%",0.0695760056348816
200,0.25,1.6,"99%",0.0997614399531794
300,0.25,1.6,"99%",0.0814548746301976
400,0.25,1.6,"99%",0.0705419906918277
200,0.26,1.6,"99%",0.101056582409519
300,0.26,1.6,"99%",0.082512354017613
400,0.26,1.6,"99%",0.0714577947053079
200,0.27,1.6,"99%",0.102283453991788
300,0.27,1.6,"99%",0.0835140904697734
400,0.27,1.6,"99%",0.0723253239207757
200,0.28,1.6,"99%",0.103444483845815
300,0.28,1.6,"99%",0.0844620673759411
400,0.28,1.6,"99%",0.0731462960037178
200,0.29,1.6,"99%",0.104541865686442
300,0.29,1.6,"99%",0.0853580758967857
400,0.29,1.6,"99%",0.0739222621447766
200,0.3,1.6,"99%",0.105577584219926
300,0.3,1.6,"99%",0.0862037365381789
400,0.3,1.6,"99%",0.0746546257432037
200,0.31,1.6,"99%",0.10655343759667
300,0.31,1.6,"99%",0.0870005174837771
400,0.31,1.6,"99%",0.0753446582833431
200,0.32,1.6,"99%",0.10747105658296
300,0.32,1.6,"99%",0.0877497502486768
400,0.32,1.6,"99%",0.0759935128910939
200,0.33,1.6,"99%",0.108331921001551
300,0.33,1.6,"99%",0.088452643103099
400,0.33,1.6,"99%",0.0766022359591622
200,0.34,1.6,"99%",0.109137373883346
300,0.34,1.6,"99%",0.089110292627183
400,0.34,1.6,"99%",0.0771717771538056
200,0.35,1.6,"99%",0.109888633688196
300,0.35,1.6,"99%",0.0897236936892317
400,0.35,1.6,"99%",0.0777029980562481
200,0.36,1.6,"99%",0.110586804886489
300,0.36,1.6,"99%",0.0902937480855395
400,0.36,1.6,"99%",0.0781966796449897
200,0.37,1.6,"99%",0.111232887140379
300,0.37,1.6,"99%",0.0908212720368393
400,0.37,1.6,"99%",0.0786535287879201
200,0.38,1.6,"99%",0.111827783281279
300,0.38,1.6,"99%",0.0913070027018913
400,0.38,1.6,"99%",0.0790741838832523
200,0.39,1.6,"99%",0.112372306246083
300,0.39,1.6,"99%",0.0917516038408905
400,0.39,1.6,"99%",0.0794592197641771
200,0.4,1.6,"99%",0.112867185106924
300,0.4,1.6,"99%",0.0921556707387405
400,0.4,1.6,"99%",0.0798091519625435
200,0.01,2,"99%",0.0256291779716225
300,0.01,2,"99%",0.020926136185818
400,0.01,2,"99%",0.0181225655399712
200,0.02,2,"99%",0.0360616102496846
300,0.02,2,"99%",0.0294441814716157
400,0.02,2,"99%",0.0254994091480583
200,0.03,2,"99%",0.0439403562900572
300,0.03,2,"99%",0.0358771506755778
400,0.03,2,"99%",0.0310705239004524
200,0.04,2,"99%",0.0504757396656269
300,0.04,2,"99%",0.0412132688567824
400,0.04,2,"99%",0.0356917378029716
200,0.05,2,"99%",0.056138898149902
300,0.05,2,"99%",0.0458372183964449
400,0.05,2,"99%",0.0396961955701367
200,0.06,2,"99%",0.0611725566163125
300,0.06,2,"99%",0.0499471833238269
400,0.06,2,"99%",0.0432555296059126
200,0.07,2,"99%",0.0657215161668141
300,0.07,2,"99%",0.05366139324359
400,0.07,2,"99%",0.0464721297514156
200,0.08,2,"99%",0.0698804972674895
300,0.08,2,"99%",0.0570571870924345
400,0.08,2,"99%",0.0494129734905299
200,0.09,2,"99%",0.0737155364644141
300,0.09,2,"99%",0.0601884834844473
400,0.09,2,"99%",0.0521247557127915
200,0.1,2,"99%",0.077274879106467
300,0.1,2,"99%",0.0630946745820337
400,0.1,2,"99%",0.0546415910315535
200,0.11,2,"99%",0.0805950604714691
300,0.11,2,"99%",0.0658055913146179
400,0.11,2,"99%",0.0569893137895157
200,0.12,2,"99%",0.0837045447432719
300,0.12,2,"99%",0.0683444745909933
400,0.12,2,"99%",0.0591880512041003
200,0.13,2,"99%",0.0866260241252881
300,0.13,2,"99%",0.0707298525176604
400,0.13,2,"99%",0.0612538490862207
200,0.14,2,"99%",0.089377936358083
300,0.14,2,"99%",0.0729767794467507
400,0.14,2,"99%",0.0631997448872602
200,0.15,2,"99%",0.0919755030771892
300,0.15,2,"99%",0.0750976837916325
400,0.15,2,"99%",0.0650365019289247
200,0.16,2,"99%",0.0944314620863857
300,0.16,2,"99%",0.0771029659255401
400,0.16,2,"99%",0.0667731271986437
200,0.17,2,"99%",0.0967565972119779
300,0.17,2,"99%",0.0790014308057811
400,0.17,2,"99%",0.068417246013125
200,0.18,2,"99%",0.0989601302702624
300,0.18,2,"99%",0.0808006080138316
400,0.18,2,"99%",0.0699753791812067
200,0.19,2,"99%",0.101050016669824
300,0.19,2,"99%",0.0825069931136008
400,0.19,2,"99%",0.071453152026246
200,0.2,2,"99%",0.103033172141956
300,0.2,2,"99%",0.0841262327760449
400,0.2,2,"99%",0.072855454708738
200,0.21,2,"99%",0.104915649266895
300,0.21,2,"99%",0.0856632689122325
400,0.21,2,"99%",0.0741865670492111
200,0.22,2,"99%",0.106702776755586
300,0.22,2,"99%",0.0871224523964303
400,0.22,2,"99%",0.0754502570153091
200,0.23,2,"99%",0.108399270663638
300,0.23,2,"99%",0.0885076338719193
400,0.23,2,"99%",0.0766498593619341
200,0.24,2,"99%",0.110009324151468
300,0.24,2,"99%",0.0898222370398433
400,0.24,2,"99%",0.0777883391012518
200,0.25,2,"99%",0.111536680634286
300,0.25,2,"99%",0.0910693183859225
400,0.25,2,"99%",0.0788683432275421
200,0.26,2,"99%",0.112984693920747
300,0.26,2,"99%",0.0922516162834553
400,0.26,2,"99%",0.0798922432416465
200,0.27,2,"99%",0.114356378049555
300,0.27,2,"99%",0.0933715916847403
400,0.27,2,"99%",0.080862170390773
200,0.28,2,"99%",0.11565444888831
300,0.28,2,"99%",0.0944314620863857
400,0.28,2,"99%",0.0817800450833171
200,0.29,2,"99%",0.116881359084769
300,0.29,2,"99%",0.0954332300668996
400,0.29,2,"99%",0.0826476016031399
200,0.3,2,"99%",0.118039327607982
300,0.3,2,"99%",0.0963787074069252
400,0.3,2,"99%",0.0834664089983046
200,0.31,2,"99%",0.119130364851218
300,0.31,2,"99%",0.0972695355856922
400,0.31,2,"99%",0.0842378888315239
200,0.32,2,"99%",0.120156294066612
300,0.32,2,"99%",0.0981072032823352
400,0.32,2,"99%",0.0849633303367463
200,0.33,2,"99%",0.121118769746303
300,0.33,2,"99%",0.0988930613840287
400,0.33,2,"99%",0.0856439034165827
200,0.34,2,"99%",0.122019293444486
300,0.34,2,"99%",0.0996283359046398
400,0.34,2,"99%",0.0862806698301873
200,0.35,2,"99%",0.12285922744069
300,0.35,2,"99%",0.100314139140745
400,0.35,2,"99%",0.0868745928546524
200,0.36,2,"99%",0.123639806570347
300,0.36,2,"99%",0.100951479331254
400,0.36,2,"99%",0.0874265456504855
200,0.37,2,"99%",0.124362148489725
300,0.37,2,"99%",0.101541269038687
400,0.37,2,"99%",0.087937318520013
200,0.38,2,"99%",0.125027262595028
300,0.38,2,"99%",0.102084332431593
400,0.38,2,"99%",0.0884076252141352
200,0.39,2,"99%",0.125636057777333
300,0.39,2,"99%",0.102581411616431
400,0.39,2,"99%",0.0888381084158973
200,0.4,2,"99%",0.126189349164067
300,0.4,2,"99%",0.103033172141956
400,0.4,2,"99%",0.089229344507429
200,0.01,2.4,"99%",0.0280753578107443
300,0.01,2.4,"99%",0.0229234336607952
400,0.01,2.4,"99%",0.019852275892216
200,0.02,2.4,"99%",0.0395035147874235
300,0.02,2.4,"99%",0.0322544847585592
400,0.02,2.4,"99%",0.0279332031868902
200,0.03,2.4,"99%",0.0481342486497567
300,0.03,2.4,"99%",0.0393014494480514
400,0.03,2.4,"99%",0.0340360536275624
200,0.04,2.4,"99%",0.0552934024432443
300,0.04,2.4,"99%",0.0451468740427697
400,0.04,2.4,"99%",0.0390983398224949
200,0.05,2.4,"99%",0.0614970817403728
300,0.05,2.4,"99%",0.0502121569780473
400,0.05,2.4,"99%",0.043485003521801
200,0.06,2.4,"99%",0.0670111783180325
300,0.06,2.4,"99%",0.0547143979806117
400,0.06,2.4,"99%",0.0473840586039818
200,0.07,2.4,"99%",0.0719943138360091
300,0.07,2.4,"99%",0.0587831110933391
400,0.07,2.4,"99%",0.0509076675203145
200,0.08,2.4,"99%",0.0765502493661643
300,0.08,2.4,"99%",0.062503016876638
400,0.08,2.4,"99%",0.054129200428336
200,0.09,2.4,"99%",0.0807513243203085
300,0.09,2.4,"99%",0.0659331802129178
400,0.09,2.4,"99%",0.0570998090166843
200,0.1,2.4,"99%",0.0846503888301933
300,0.1,2.4,"99%",0.0691167530540554
400,0.1,2.4,"99%",0.0598568639719076
200,0.11,2.4,"99%",0.0882874652874332
300,0.11,2.4,"99%",0.0720864135459645
400,0.11,2.4,"99%",0.0624286653985159
200,0.12,2.4,"99%",0.0916937346431809
300,0.12,2.4,"99%",0.0748676208286514
400,0.12,2.4,"99%",0.0648372615585131
200,0.13,2.4,"99%",0.094894054960814
300,0.13,2.4,"99%",0.0774806714258724
400,0.13,2.4,"99%",0.0671002297570805
200,0.14,2.4,"99%",0.0979086237731664
300,0.14,2.4,"99%",0.0799420565541294
400,0.14,2.4,"99%",0.0692318518066484
200,0.15,2.4,"99%",0.100754115546525
300,0.15,2.4,"99%",0.0822653908581345
400,0.15,2.4,"99%",0.0712439183354006
200,0.16,2.4,"99%",0.103444483845815
300,0.16,2.4,"99%",0.084462067375941
400,0.16,2.4,"99%",0.0731462960037178
200,0.17,2.4,"99%",0.105991541760884
300,0.17,2.4,"99%",0.0865417314550197
400,0.17,2.4,"99%",0.0749473379275379
200,0.18,2.4,"99%",0.108405391285345
300,0.18,2.4,"99%",0.0885126313386166
400,0.18,2.4,"99%",0.0766541872950486
200,0.19,2.4,"99%",0.110694747132671
300,0.19,2.4,"99%",0.0903818825604851
400,0.19,2.4,"99%",0.0782730063392418
200,0.2,2.4,"99%",0.112867185106924
300,0.2,2.4,"99%",0.0921556707387405
400,0.2,2.4,"99%",0.0798091519625435
200,0.21,2.4,"99%",0.114929335477558
300,0.21,2.4,"99%",0.0938394094657215
400,0.21,2.4,"99%",0.0812673124734448
200,0.22,2.4,"99%",0.116887035554945
300,0.22,2.4,"99%",0.0954378648853898
400,0.22,2.4,"99%",0.0826516154736944
200,0.23,2.4,"99%",0.118745451519165
300,0.23,2.4,"99%",0.096955255166117
400,0.23,2.4,"99%",0.0839657140042597
200,0.24,2.4,"99%",0.120509176747313
300,0.24,2.4,"99%",0.0983953307845964
400,0.24,2.4,"99%",0.0852128560732335
200,0.25,2.4,"99%",0.122182311945296
300,0.25,2.4,"99%",0.0997614399531794
400,0.25,2.4,"99%",0.0863959413175692
200,0.26,2.4,"99%",0.12376853102642
300,0.26,2.4,"99%",0.101056582409519
400,0.26,2.4,"99%",0.0875175675862788
200,0.27,2.4,"99%",0.12527113570466
300,0.27,2.4,"99%",0.102283453991788
400,0.27,2.4,"99%",0.0885800695437054
200,0.28,2.4,"99%",0.126693101063912
300,0.28,2.4,"99%",0.103444483845815
400,0.28,2.4,"99%",0.0895855508918445
200,0.29,2.4,"99%",0.128037113845179
300,0.29,2.4,"99%",0.104541865686442
400,0.29,2.4,"99%",0.0905359114434797
200,0.3,2.4,"99%",0.129305604807268
300,0.3,2.4,"99%",0.105577584219926
400,0.3,2.4,"99%",0.0914328700046473
200,0.31,2.4,"99%",0.130500776225666
300,0.31,2.4,"99%",0.10655343759667
400,0.31,2.4,"99%",0.0922779838192763
200,0.32,2.4,"99%",0.131624625373015
300,0.32,2.4,"99%",0.10747105658296
400,0.32,2.4,"99%",0.0930726651723979
200,0.33,2.4,"99%",0.132678964654649
300,0.33,2.4,"99%",0.108331921001551
400,0.33,2.4,"99%",0.0938181956281122
200,0.34,2.4,"99%",0.133665438940774
300,0.34,2.4,"99%",0.109137373883346
400,0.34,2.4,"99%",0.0945157382852981
200,0.35,2.4,"99%",0.134585540533847
300,0.35,2.4,"99%",0.109888633688196
400,0.35,2.4,"99%",0.0951663483611405
200,0.36,2.4,"99%",0.135440622128309
300,0.36,2.4,"99%",0.110586804886489
400,0.36,2.4,"99%",0.0957709823550522
200,0.37,2.4,"99%",0.136231908055259
300,0.37,2.4,"99%",0.111232887140379
400,0.37,2.4,"99%",0.0963305059998559
200,0.38,2.4,"99%",0.136960504052837
300,0.38,2.4,"99%",0.111827783281279
400,0.38,2.4,"99%",0.0968457011704886
200,0.39,2.4,"99%",0.137627405761336
300,0.39,2.4,"99%",0.112372306246083
400,0.39,2.4,"99%",0.097317271890953
200,0.4,2.4,"99%",0.138233506108111
300,0.4,2.4,"99%",0.112867185106924
400,0.4,2.4,"99%",0.0977458495562371
200,0.01,1.2,"95%",0.0151057159363345
300,0.01,1.2,"95%",0.0123337654144826
400,0.01,1.2,"95%",0.0106813541732598
200,0.02,1.2,"95%",0.0212545420396119
300,0.02,1.2,"95%",0.0173542609045277
400,0.02,1.2,"95%",0.0150292308072241
200,0.03,1.2,"95%",0.0258982375866234
300,0.03,1.2,"95%",0.0211458224415319
400,0.03,1.2,"95%",0.0183128194182817
200,0.04,1.2,"95%",0.029750161550619
300,0.04,1.2,"95%",0.0242909051881279
400,0.04,1.2,"95%",0.021036540973838
200,0.05,1.2,"95%",0.0330880003006804
300,0.05,1.2,"95%",0.0270162391152411
400,0.05,1.2,"95%",0.0233967493885136
200,0.06,1.2,"95%",0.0360548147259543
300,0.06,1.2,"95%",0.0294386329497243
400,0.06,1.2,"95%",0.0254946039871469
200,0.07,1.2,"95%",0.0387359499091364
300,0.07,1.2,"95%",0.0316277706597975
400,0.07,1.2,"95%",0.0273904528564528
200,0.08,1.2,"95%",0.0411872336436732
300,0.08,1.2,"95%",0.0336292354479306
400,0.08,1.2,"95%",0.029123772207756
200,0.09,1.2,"95%",0.0434475875566077
300,0.09,1.2,"95%",0.0354748066895282
400,0.09,1.2,"95%",0.0307220837874736
200,0.1,1.2,"95%",0.0455454472277398
300,0.1,1.2,"95%",0.0371877019382737
400,0.1,1.2,"95%",0.0322054945869088
200,0.11,1.2,"95%",0.0475023463765289
300,0.11,1.2,"95%",0.0387855034024804
400,0.11,1.2,"95%",0.0335892312451158
200,0.12,1.2,"95%",0.0493350616579304
300,0.12,1.2,"95%",0.0402819091635587
400,0.12,1.2,"95%",0.034885156648579
200,0.13,1.2,"95%",0.0510569677490059
300,0.13,1.2,"95%",0.0416878395996005
400,0.13,1.2,"95%",0.036102728122145
200,0.14,1.2,"95%",0.0526789317665937
300,0.14,1.2,"95%",0.0430121676743487
400,0.14,1.2,"95%",0.0372496298778218
200,0.15,1.2,"95%",0.0542099252704798
300,0.15,1.2,"95%",0.0442622186356943
400,0.15,1.2,"95%",0.0383322057663723
200,0.16,1.2,"95%",0.0556574558617957
300,0.16,1.2,"95%",0.045444122414292
400,0.16,1.2,"95%",0.0393557644634667
200,0.17,1.2,"95%",0.0570278794766178
300,0.17,1.2,"95%",0.0465630686102169
400,0.17,1.2,"95%",0.0403248002946056
200,0.18,1.2,"95%",0.0583266314097318
300,0.18,1.2,"95%",0.0476234951230778
400,0.18,1.2,"95%",0.0412431565935897
200,0.19,1.2,"95%",0.0595584005412247
300,0.19,1.2,"95%",0.048629230407434
400,0.19,1.2,"95%",0.0421141488993245
200,0.2,1.2,"95%",0.0607272629703197
300,0.2,1.2,"95%",0.0495836025843649
400,0.2,1.2,"95%",0.0429406594492118
200,0.21,1.2,"95%",0.0618367860591002
300,0.21,1.2,"95%",0.0504895243928146
400,0.21,1.2,"95%",0.0437252107491715
200,0.22,1.2,"95%",0.0628901105245226
300,0.22,1.2,"95%",0.0513495602174395
400,0.22,1.2,"95%",0.0444700236214614
200,0.23,1.2,"95%",0.0638900159873949
300,0.23,1.2,"95%",0.0521659796091257
400,0.23,1.2,"95%",0.0451770635548039
200,0.24,1.2,"95%",0.0648389738765787
300,0.24,1.2,"95%",0.0529408004810886
400,0.24,1.2,"95%",0.0458480781133062
200,0.25,1.2,"95%",0.0657391905432436
300,0.25,1.2,"95%",0.0536758243115147
400,0.25,1.2,"95%",0.0464846274228421
200,0.26,1.2,"95%",0.0665926427063027
300,0.26,1.2,"95%",0.0543726650846379
400,0.26,1.2,"95%",0.0470881092347596
200,0.27,1.2,"95%",0.0674011068258739
300,0.27,1.2,"95%",0.0550327732740705
400,0.27,1.2,"95%",0.0476597796960544
200,0.28,1.2,"95%",0.0681661836214381
300,0.28,1.2,"95%",0.0556574558617957
400,0.28,1.2,"95%",0.0482007706863262
200,0.29,1.2,"95%",0.0688893186719503
300,0.29,1.2,"95%",0.056247893158088
400,0.29,1.2,"95%",0.0487121043842571
200,0.3,1.2,"95%",0.0695718198272447
300,0.3,1.2,"95%",0.0568051530178651
400,0.3,1.2,"95%",0.0491947055793334
200,0.31,1.2,"95%",0.070214872003578
300,0.31,1.2,"95%",0.0573302029211993
400,0.31,1.2,"95%",0.0496494121338754
200,0.32,1.2,"95%",0.0708195498171109
300,0.32,1.2,"95%",0.0578239202885118
400,0.32,1.2,"95%",0.0500769839162576
200,0.33,1.2,"95%",0.0713868284176628
300,0.33,1.2,"95%",0.0582871013262959
400,0.33,1.2,"95%",0.0504781104615299
200,0.34,1.2,"95%",0.0719175928141548
300,0.34,1.2,"95%",0.0587204686413098
400,0.34,1.2,"95%",0.0508534175655018
200,0.35,1.2,"95%",0.0724126459276795
300,0.35,1.2,"95%",0.0591246778158803
400,0.35,1.2,"95%",0.0512034729791226
200,0.36,1.2,"95%",0.0728727155643836
300,0.36,1.2,"95%",0.0595003231012379
400,0.36,1.2,"95%",0.0515287913390541
200,0.37,1.2,"95%",0.0732984604655705
300,0.37,1.2,"95%",0.0598479423574044
400,0.37,1.2,"95%",0.051829838445739
200,0.38,1.2,"95%",0.0736904755645749
300,0.38,1.2,"95%",0.0601680213454136
400,0.38,1.2,"95%",0.0521070349805725
200,0.39,1.2,"95%",0.0740492965574879
300,0.39,1.2,"95%",0.0604609974592921
400,0.39,1.2,"95%",0.0523607597378934
200,0.4,1.2,"95%",0.0743754038765474
300,0.4,1.2,"95%",0.0607272629703197
400,0.4,1.2,"95%",0.0525913524345949
200,0.01,1.6,"95%",0.0174425783242895
300,0.01,1.6,"95%",0.0142418055643465
400,0.01,1.6,"95%",0.0123337654144826
200,0.02,1.6,"95%",0.0245426311361443
300,0.02,1.6,"95%",0.0200389744096322
400,0.02,1.6,"95%",0.0173542609045277
200,0.03,1.6,"95%",0.0299047088843478
300,0.03,1.6,"95%",0.024417092557709
400,0.03,1.6,"95%",0.0211458224415319
200,0.04,1.6,"95%",0.0343525275593694
300,0.04,1.6,"95%",0.0280487212984506
400,0.04,1.6,"95%",0.0242909051881279
200,0.05,1.6,"95%",0.0382067317610885
300,0.05,1.6,"95%",0.0311956658513515
400,0.05,1.6,"95%",0.0270162391152411
200,0.06,1.6,"95%",0.0416325139752236
300,0.06,1.6,"95%",0.0339928053161958
400,0.06,1.6,"95%",0.0294386329497243
200,0.07,1.6,"95%",0.0447284222147115
300,0.07,1.6,"95%",0.0365206038086037
400,0.07,1.6,"95%",0.0316277706597975
200,0.08,1.6,"95%",0.0475589208627015
300,0.08,1.6,"95%",0.038831696277008
400,0.08,1.6,"95%",0.0336292354479306
200,0.09,1.6,"95%",0.0501689527428946
300,0.09,1.6,"95%",0.0409627783832981
400,0.09,1.6,"95%",0.0354748066895282
200,0.1,1.6,"95%",0.0525913524345949
300,0.1,1.6,"95%",0.0429406594492118
400,0.1,1.6,"95%",0.0371877019382737
200,0.11,1.6,"95%",0.0548509849352556
300,0.11,1.6,"95%",0.0447856416601544
400,0.11,1.6,"95%",0.0387855034024804
200,0.12,1.6,"95%",0.0569672222573858
300,0.12,1.6,"95%",0.0465135421981054
400,0.12,1.6,"95%",0.0402819091635587
200,0.13,1.6,"95%",0.0589555081477892
300,0.13,1.6,"95%",0.0481369708295266
400,0.13,1.6,"95%",0.0416878395996005
200,0.14,1.6,"95%",0.0608283908721296
300,0.14,1.6,"95%",0.0496661731704291
400,0.14,1.6,"95%",0.0430121676743487
200,0.15,1.6,"95%",0.062596229895322
300,0.15,1.6,"95%",0.0511096076884963
400,0.15,1.6,"95%",0.0442622186356943
200,0.16,1.6,"95%",0.064267694248435
300,0.16,1.6,"95%",0.0524743526179556
400,0.16,1.6,"95%",0.045444122414292
200,0.17,1.6,"95%",0.0658501231342776
300,0.17,1.6,"95%",0.0537664003928074
400,0.17,1.6,"95%",0.0465630686102169
200,0.18,1.6,"95%",0.0673497926906655
300,0.18,1.6,"95%",0.0549908754581196
400,0.18,1.6,"95%",0.0476234951230778
200,0.19,1.6,"95%",0.0687721171699593
300,0.19,1.6,"95%",0.0561521985324327
400,0.19,1.6,"95%",0.048629230407434
200,0.2,1.6,"95%",0.0701218032461265
300,0.2,1.6,"95%",0.057254212598949
400,0.2,1.6,"95%",0.0495836025843649
200,0.21,1.6,"95%",0.0714029701540856
300,0.21,1.6,"95%",0.0583002809988954
400,0.21,1.6,"95%",0.0504895243928146
200,0.22,1.6,"95%",0.0726192444813969
300,0.22,1.6,"95%",0.0592933648286152
400,0.22,1.6,"95%",0.0513495602174395
200,0.23,1.6,"95%",0.0737738358577039
300,0.23,1.6,"95%",0.0602360847397385
400,0.23,1.6,"95%",0.0521659796091257
200,0.24,1.6,"95%",0.0748695980432436
300,0.24,1.6,"95%",0.0611307708177416
400,0.24,1.6,"95%",0.0529408004810886
200,0.25,1.6,"95%",0.0759090787128996
300,0.25,1.6,"95%",0.0619795032304562
400,0.25,1.6,"95%",0.0536758243115147
200,0.26,1.6,"95%",0.0768945603850649
300,0.26,1.6,"95%",0.0627841456463461
400,0.26,1.6,"95%",0.0543726650846379
200,0.27,1.6,"95%",0.0778280943391941
300,0.27,1.6,"95%",0.0635463729280725
400,0.27,1.6,"95%",0.0550327732740705
200,0.28,1.6,"95%",0.0787115289269335
300,0.28,1.6,"95%",0.064267694248435
400,0.28,1.6,"95%",0.0556574558617957
200,0.29,1.6,"95%",0.0795465333590808
300,0.29,1.6,"95%",0.0649494725123428
400,0.29,1.6,"95%",0.056247893158088
200,0.3,1.6,"95%",0.0803346178105437
300,0.3,1.6,"95%",0.0655929407724446
400,0.3,1.6,"95%",0.0568051530178651
200,0.31,1.6,"95%",0.0810771505047617
300,0.31,1.6,"95%",0.0661992161785006
400,0.31,1.6,"95%",0.0573302029211993
200,0.32,1.6,"95%",0.0817753723015941
300,0.32,1.6,"95%",0.0667693118883435
400,0.32,1.6,"95%",0.0578239202885118
200,0.33,1.6,"95%",0.0824304092070624
300,0.33,1.6,"95%",0.0673041472820398
400,0.33,1.6,"95%",0.0582871013262959
200,0.34,1.6,"95%",0.0830432831414443
300,0.34,1.6,"95%",0.0678045567540023
400,0.34,1.6,"95%",0.0587204686413098
200,0.35,1.6,"95%",0.0836149212381576
300,0.35,1.6,"95%",0.0682712973054968
400,0.35,1.6,"95%",0.0591246778158803
200,0.36,1.6,"95%",0.0841461638953518
300,0.36,1.6,"95%",0.0687050551187388
400,0.36,1.6,"95%",0.0595003231012379
200,0.37,1.6,"95%",0.0846377717619645
300,0.37,1.6,"95%",0.0691064512609853
400,0.37,1.6,"95%",0.0598479423574044
200,0.38,1.6,"95%",0.0850904318078377
300,0.38,1.6,"95%",0.0694760466407633
400,0.38,1.6,"95%",0.0601680213454136
200,0.39,1.6,"95%",0.0855047626015362
300,0.39,1.6,"95%",0.0698143463171912
400,0.39,1.6,"95%",0.0604609974592921
200,0.4,1.6,"95%",0.0858813188984235
300,0.4,1.6,"95%",0.0701218032461265
400,0.4,1.6,"95%",0.0607272629703197
200,0.01,2,"95%",0.0195013954179879
300,0.01,2,"95%",0.0159228226821067
400,0.01,2,"95%",0.0137895689426595
200,0.02,2,"95%",0.0274394957835608
300,0.02,2,"95%",0.0224042544896581
400,0.02,2,"95%",0.0194026535408955
200,0.03,2,"95%",0.0334344809563718
300,0.03,2,"95%",0.0272991393859708
400,0.03,2,"95%",0.023641748209703
200,0.04,2,"95%",0.0384072934108425
300,0.04,2,"95%",0.0313594237526409
400,0.04,2,"95%",0.0271580576178281
200,0.05,2,"95%",0.042716424707947
300,0.05,2,"95%",0.0348778147234954
400,0.05,2,"95%",0.0302050735790339
200,0.06,2,"95%",0.046546565661405
300,0.06,2,"95%",0.0380051117164651
400,0.06,2,"95%",0.0329133922201244
200,0.07,2,"95%",0.0500078962992033
300,0.07,2,"95%",0.0408312763476878
400,0.07,2,"95%",0.0353609225860403
200,0.08,2,"95%",0.0531724899927667
300,0.08,2,"95%",0.0434151562785077
400,0.08,2,"95%",0.0375986282464592
200,0.09,2,"95%",0.0560905943465434
300,0.09,2,"95%",0.0457977785061567
400,0.09,2,"95%",0.0396620396232247
200,0.1,2,"95%",0.0587989195362016
300,0.1,2,"95%",0.0480091167635531
400,0.1,2,"95%",0.0415771147304903
200,0.11,2,"95%",0.0613252654740242
300,0.11,2,"95%",0.0500718695840259
400,0.11,2,"95%",0.0433635110747478
200,0.12,2,"95%",0.0636912907284269
300,0.12,2,"95%",0.0520037211146343
400,0.12,2,"95%",0.0450365435765945
200,0.13,2,"95%",0.0659142619332497
300,0.13,2,"95%",0.053818769502873
400,0.13,2,"95%",0.0466084215899072
200,0.14,2,"95%",0.0680082084760048
300,0.14,2,"95%",0.0555284696956779
400,0.14,2,"95%",0.0480890653897314
200,0.15,2,"95%",0.0699847125905723
300,0.15,2,"95%",0.0571422785474119
400,0.15,2,"95%",0.0494866648521852
200,0.16,2,"95%",0.0718534665483364
300,0.16,2,"95%",0.0586681097645214
400,0.16,2,"95%",0.0508080734480894
200,0.17,2,"95%",0.0736226758274881
300,0.17,2,"95%",0.0601126630918944
400,0.17,2,"95%",0.0520590933267158
200,0.18,2,"95%",0.0752993573634233
300,0.18,2,"95%",0.0614816678332901
400,0.18,2,"95%",0.0532446862106658
200,0.19,2,"95%",0.0768895644743047
300,0.19,2,"95%",0.0627800665022917
400,0.19,2,"95%",0.0543691324422611
200,0.2,2,"95%",0.0783985593816021
300,0.2,2,"95%",0.0640121556847375
400,0.2,2,"95%",0.0554361529739871
200,0.21,2,"95%",0.079830947529962
300,0.21,2,"95%",0.0651816957104347
400,0.21,2,"95%",0.0564490043469836
200,0.22,2,"95%",0.08119078356754
300,0.22,2,"95%",0.0662919971857394
400,0.22,2,"95%",0.0574105536304568
200,0.23,2,"95%",0.0824816559693687
300,0.23,2,"95%",0.0673459900882465
400,0.23,2,"95%",0.0583233382594365
200,0.24,2,"95%",0.083706755336389
300,0.24,2,"95%",0.0683462795327153
400,0.24,2,"95%",0.0591896143294839
200,0.25,2,"95%",0.0848689300557129
300,0.25,2,"95%",0.0692951912174839
400,0.25,2,"95%",0.0600113959544414
200,0.26,2,"95%",0.0859707320604838
300,0.26,2,"95%",0.0701948087872386
400,0.26,2,"95%",0.0607904876235398
200,0.27,2,"95%",0.0870144547508523
300,0.27,2,"95%",0.0710470047953612
400,0.27,2,"95%",0.0615285110155776
200,0.28,2,"95%",0.0880021646467821
300,0.28,2,"95%",0.0718534665483364
400,0.28,2,"95%",0.0622269273808347
200,0.29,2,"95%",0.0889357279826797
300,0.29,2,"95%",0.0726157178201763
400,0.29,2,"95%",0.062887056346315
200,0.3,2,"95%",0.0898168331854205
300,0.3,2,"95%",0.0733351372056518
400,0.3,2,"95%",0.0635100918101118
200,0.31,2,"95%",0.0906470099753143
300,0.31,2,"95%",0.0740129737161656
400,0.31,2,"95%",0.0640971154478294
200,0.32,2,"95%",0.091427645675859
300,0.32,2,"95%",0.0746503600966104
400,0.32,2,"95%",0.0646491082453208
200,0.33,2,"95%",0.0921599992000581
300,0.33,2,"95%",0.0752483242451494
400,0.33,2,"95%",0.0651669603885079
200,0.34,2,"95%",0.0928452130895159
300,0.34,2,"95%",0.0758077990430959
400,0.34,2,"95%",0.0656514797763067
200,0.35,2,"95%",0.0934843239109057
300,0.35,2,"95%",0.0763296308435946
400,0.35,2,"95%",0.0661033993720411
200,0.36,2,"95%",0.0940782712579226
300,0.36,2,"95%",0.0768145868216849
400,0.36,2,"95%",0.0665233835687845
200,0.37,2,"95%",0.0946279055619324
300,0.37,2,"95%",0.0772633613516696
400,0.37,2,"95%",0.0669120337123226
200,0.38,2,"95%",0.0951339948785677
300,0.38,2,"95%",0.0776765815483464
400,0.38,2,"95%",0.0672698929000015
200,0.39,2,"95%",0.0955972307885083
300,0.39,2,"95%",0.0780548120849758
400,0.39,2,"95%",0.0675974501532096
200,0.4,2,"95%",0.0960182335271062
300,0.4,2,"95%",0.0783985593816021
400,0.4,2,"95%",0.0678951440445703
200,0.01,2.4,"95%",0.0213627083465197
300,0.01,2.4,"95%",0.0174425783242895
400,0.01,2.4,"95%",0.0151057159363345
200,0.02,2.4,"95%",0.0300584616144482
300,0.02,2.4,"95%",0.0245426311361443
400,0.02,2.4,"95%",0.0212545420396119
200,0.03,2.4,"95%",0.0366256388365635
300,0.03,2.4,"95%",0.0299047088843478
400,0.03,2.4,"95%",0.0258982375866234
200,0.04,2.4,"95%",0.0420730819476759
300,0.04,2.4,"95%",0.0343525275593694
400,0.04,2.4,"95%",0.029750161550619
200,0.05,2.4,"95%",0.0467934987770272
300,0.05,2.4,"95%",0.0382067317610885
400,0.05,2.4,"95%",0.0330880003006804
200,0.06,2.4,"95%",0.0509892079742938
300,0.06,2.4,"95%",0.0416325139752236
400,0.06,2.4,"95%",0.0360548147259543
200,0.07,2.4,"95%",0.0547809057129056
300,0.07,2.4,"95%",0.0447284222147115
400,0.07,2.4,"95%",0.0387359499091364
200,0.08,2.4,"95%",0.0582475444155121
300,0.08,2.4,"95%",0.0475589208627015
400,0.08,2.4,"95%",0.0411872336436732
200,0.09,2.4,"95%",0.0614441675749471
300,0.09,2.4,"95%",0.0501689527428946
400,0.09,2.4,"95%",0.0434475875566077
200,0.1,2.4,"95%",0.0644109891738176
300,0.1,2.4,"95%",0.0525913524345949
400,0.1,2.4,"95%",0.0455454472277398
200,0.11,2.4,"95%",0.0671784624902316
300,0.11,2.4,"95%",0.0548509849352556
400,0.11,2.4,"95%",0.0475023463765289
200,0.12,2.4,"95%",0.0697703132971581
300,0.12,2.4,"95%",0.0569672222573858
400,0.12,2.4,"95%",0.0493350616579304
200,0.13,2.4,"95%",0.0722054562442899
300,0.13,2.4,"95%",0.0589555081477892
400,0.13,2.4,"95%",0.0510569677490059
200,0.14,2.4,"95%",0.0744992597556437
300,0.14,2.4,"95%",0.0608283908721296
400,0.14,2.4,"95%",0.0526789317665937
200,0.15,2.4,"95%",0.0766644115327445
300,0.15,2.4,"95%",0.062596229895322
400,0.15,2.4,"95%",0.0542099252704798
200,0.16,2.4,"95%",0.0787115289269334
300,0.16,2.4,"95%",0.064267694248435
400,0.16,2.4,"95%",0.0556574558617957
200,0.17,2.4,"95%",0.0806496005892112
300,0.17,2.4,"95%",0.0658501231342776
400,0.17,2.4,"95%",0.0570278794766178
200,0.18,2.4,"95%",0.0824863131871793
300,0.18,2.4,"95%",0.0673497926906655
400,0.18,2.4,"95%",0.0583266314097318
200,0.19,2.4,"95%",0.084228297798649
300,0.19,2.4,"95%",0.0687721171699593
400,0.19,2.4,"95%",0.0595584005412247
200,0.2,2.4,"95%",0.0858813188984235
300,0.2,2.4,"95%",0.0701218032461265
400,0.2,2.4,"95%",0.0607272629703197
200,0.21,2.4,"95%",0.087450421498343
300,0.21,2.4,"95%",0.0714029701540856
400,0.21,2.4,"95%",0.0618367860591002
200,0.22,2.4,"95%",0.0889400472429228
300,0.22,2.4,"95%",0.0726192444813969
400,0.22,2.4,"95%",0.0628901105245226
200,0.23,2.4,"95%",0.0903541271096077
300,0.23,2.4,"95%",0.0737738358577039
400,0.23,2.4,"95%",0.0638900159873949
200,0.24,2.4,"95%",0.0916961562266123
300,0.24,2.4,"95%",0.0748695980432436
400,0.24,2.4,"95%",0.0648389738765787
200,0.25,2.4,"95%",0.0929692548456842
300,0.25,2.4,"95%",0.0759090787128996
400,0.25,2.4,"95%",0.0657391905432436
200,0.26,2.4,"95%",0.0941762184695191
300,0.26,2.4,"95%",0.0768945603850649
400,0.26,2.4,"95%",0.0665926427063027
200,0.27,2.4,"95%",0.0953195593921087
300,0.27,2.4,"95%",0.0778280943391941
400,0.27,2.4,"95%",0.0674011068258739
200,0.28,2.4,"95%",0.0964015413726525
300,0.28,2.4,"95%",0.0787115289269334
400,0.28,2.4,"95%",0.0681661836214381
200,0.29,2.4,"95%",0.0974242087685142
300,0.29,2.4,"95%",0.0795465333590808
400,0.29,2.4,"95%",0.0688893186719503
200,0.3,2.4,"95%",0.0983894111586668
300,0.3,2.4,"95%",0.0803346178105437
400,0.3,2.4,"95%",0.0695718198272447
200,0.31,2.4,"95%",0.0992988242677509
300,0.31,2.4,"95%",0.0810771505047617
400,0.31,2.4,"95%",0.070214872003578
200,0.32,2.4,"95%",0.100153967832515
300,0.32,2.4,"95%",0.0817753723015941
400,0.32,2.4,"95%",0.0708195498171109
200,0.33,2.4,"95%",0.10095622092306
300,0.33,2.4,"95%",0.0824304092070624
400,0.33,2.4,"95%",0.0713868284176628
200,0.34,2.4,"95%",0.101706835131004
300,0.34,2.4,"95%",0.0830432831414443
400,0.34,2.4,"95%",0.0719175928141548
200,0.35,2.4,"95%",0.102406945958245
300,0.35,2.4,"95%",0.0836149212381576
400,0.35,2.4,"95%",0.0724126459276795
200,0.36,2.4,"95%",0.103057582678108
300,0.36,2.4,"95%",0.0841461638953518
400,0.36,2.4,"95%",0.0728727155643836
200,0.37,2.4,"95%",0.103659676891478
300,0.37,2.4,"95%",0.0846377717619645
400,0.37,2.4,"95%",0.0732984604655705
200,0.38,2.4,"95%",0.104214069961145
300,0.38,2.4,"95%",0.0850904318078377
400,0.38,2.4,"95%",0.0736904755645749
200,0.39,2.4,"95%",0.104721519475787
300,0.39,2.4,"95%",0.0855047626015362
400,0.39,2.4,"95%",0.0740492965574879
200,0.4,2.4,"95%",0.10518270486919
300,0.4,2.4,"95%",0.0858813188984235
400,0.4,2.4,"95%",0.0743754038765474
